{"cameraMode":{"drawMode":0,"name":"Shaded","section":"Shading Mode"},"sceneLighting":true,"audioPlay":false,"sceneViewState":{"showFog":true,"showMaterialUpdate":false,"showSkybox":true,"showFlares":true,"showImageEffects":true,"showParticleSystems":true},"in2DMode":false,"pivot":{"x":44.91024398803711,"y":19.278053283691408,"z":109.26553344726563},"rotation":{"x":-0.1191726103425026,"y":0.8054003119468689,"z":-0.17318905889987946,"w":-0.5542011260986328},"size":1.9426121711730958,"orthographic":false}