{"cameraMode":{"drawMode":0,"name":"Shaded","section":"Shading Mode"},"sceneLighting":true,"audioPlay":false,"sceneViewState":{"showFog":true,"showMaterialUpdate":false,"showSkybox":true,"showFlares":true,"showImageEffects":true,"showParticleSystems":true},"in2DMode":false,"pivot":{"x":-0.08410640060901642,"y":1.2589240074157715,"z":-0.2783021628856659},"rotation":{"x":0.03632669895887375,"y":-0.9471955299377441,"z":0.1159515455365181,"w":0.2967490553855896},"size":1.342611312866211,"orthographic":false}